label,original_label,min_intensity,max_intensity,sum_intensity,area,mean_intensity,centroid_x,centroid_y,centroid_z,sum_distance_to_centroid,mean_distance_to_centroid,sum_distance_to_mass_center,mean_distance_to_mass_center,standard_deviation_intensity,max_distance_to_centroid,max_distance_to_mass_center,mean_max_distance_to_centroid_ratio,mean_max_distance_to_mass_center_ratio,avg_distance_of_2_nearest_neigbors,avg_distance_of_3_nearest_neigbors,avg_distance_of_4_nearest_neigbors,touching_neighbor_count
1,1,17,83,3317,53,62.584908,2.2452831,300.43396,0,154.8862,2.9223812,155.8967,2.9414473,18.233738,5.088224,5.248843,1.7411226,1.7844424,9.470325,10.236048,19.355436,2
2,2,43,46,134,3,44.666668,0,456,0,2,0.6666667,2.0149536,0.67165124,1.2472192,1,1.0149536,1.5,1.5111319,21.170738,22.734447,23.647448,0
3,3,43,53,377,8,47.125,0.375,476,0,9.564201,1.1955252,9.564541,1.1955676,3.0181744,2.0348525,2.0436392,1.7020575,1.7093464,15.307045,18.758965,21.61704,0
4,4,18,92,4512,74,60.97297,3.3108106,290.28378,0,243.88322,3.2957191,243.95882,3.2967405,17.689493,5.762306,5.6888175,1.7484215,1.7255884,9.457801,12.13899,23.154902,2
5,5,26,59,3333,73,45.657536,3.630137,404.16437,0,236.91275,3.2453802,236.91006,3.2453434,6.068602,5.5244775,5.5495033,1.702259,1.7099895,24.00865,28.33425,30.850868,0
6,6,25,75,8010,149,53.75839,6.644295,429.56375,0,690.7317,4.635783,690.73517,4.6358066,8.965744,7.539694,7.559916,1.626412,1.630766,24.719425,25.565762,26.272097,0
7,7,23,96,3869,69,56.072464,9.565218,123.46377,0,241.56464,3.5009367,241.60217,3.5014808,18.632463,6.5870805,6.688696,1.8815194,1.9102478,39.131615,42.672832,48.97962,0
8,8,16,100,5272,92,57.304344,9.815217,296.07608,0,337.27954,3.6660817,337.4771,3.6682293,24.497444,6.2290344,6.279365,1.6990987,1.7118245,8.722176,8.909774,19.005539,3
9,9,33,65,3560,67,53.13433,10.313434,479.71643,0,208.2207,3.1077719,208.21925,3.1077502,6.592387,4.8806148,4.8698187,1.5704546,1.5669917,14.701621,18.421703,20.625502,0
10,10,18,78,5000,93,53.76344,13.204301,304.72043,0,342.951,3.687645,343.4314,3.6928108,14.747624,6.3670425,6.395673,1.7265878,1.7319254,10.526231,12.851276,19.720016,1
11,11,30,80,4587,79,58.063293,14.683545,363.8734,0,264.7495,3.3512597,264.74948,3.3512592,11.3888035,5.294109,5.247027,1.579737,1.5656881,20.297447,22.993605,26.378939,0
12,12,22,96,4797,77,62.298702,16.532467,344.9091,0,254.3623,3.3034065,254.39967,3.303892,20.602654,4.9915094,5.042916,1.5110189,1.5263562,21.577732,27.827232,32.547966,0
13,13,19,102,3849,57,67.52631,18.491228,508.77194,0,174.596,3.0630877,176.30923,3.0931444,25.641321,5.9260297,5.866379,1.9346589,1.8965745,15.897696,20.282843,22.758236,1
14,14,33,72,7725,145,53.275864,22.013794,391.29654,0,660.09906,4.5524073,660.11786,4.552537,7.4865236,7.366632,7.348315,1.6181839,1.6141143,20.00196,22.796614,25.772228,0
15,15,16,99,5180,92,56.304344,22.326086,455.2717,0,336.7715,3.6605597,337.23163,3.665561,26.327261,6.32165,6.576459,1.7269627,1.7941208,11.123009,12.601374,15.035521,2
16,16,17,95,5096,85,59.95294,24.270588,445.64706,0,295.1907,3.472832,295.56784,3.4772687,23.895317,5.444703,5.6590242,1.5677992,1.6274337,15.565243,17.659023,19.139727,1
17,17,16,142,8928,116,76.965515,24.586206,467.49136,0,472.75452,4.07547,473.30914,4.080251,48.420563,6.6435394,6.732991,1.6301284,1.6501414,11.850969,14.164869,16.085297,2
18,18,17,115,4852,80,60.65,28.6875,507.5375,0,273.57193,3.4196491,274.2529,3.4281614,32.02776,5.8276515,6.0763116,1.7041665,1.7724695,11.180367,13.763594,17.069193,2
19,19,38,63,3056,60,50.93333,30.499998,2.6,0,180.83221,3.01387,180.86403,3.0144002,5.9072466,5.1971164,5.1955447,1.7243997,1.723575,21.656698,24.734116,27.945,0
20,20,22,79,6639,112,59.276783,31.660713,28.919641,0,446.06445,3.982718,446.06915,3.98276,14.193943,6.079546,6.0348387,1.5264816,1.5152404,21.01078,22.788929,24.208511,0
21,21,27,75,4510,80,56.375,35.7625,359.4375,0,269.3385,3.3667314,269.34183,3.366773,9.799713,5.0963535,5.094769,1.5137392,1.51325,22.820938,25.68714,27.451273,0
22,22,31,72,6597,118,55.90678,34.567795,424.4322,0,481.68225,4.082053,481.7346,4.0824966,9.031008,6.0758643,6.1386857,1.4884334,1.5036597,21.059315,21.814049,22.255997,0
23,23,13,142,9688,128,75.6875,35.273438,463.89844,0,551.35913,4.307493,551.41876,4.307959,45.45804,7.829676,7.752697,1.8176874,1.7996218,13.41656,14.570396,16.255646,1
24,24,17,115,9342,147,63.551018,38.156464,500.0204,0,700.28314,4.7638307,700.30853,4.7640038,23.88128,8.58123,8.536871,1.8013299,1.7919531,12.623791,15.072005,16.68517,1
25,25,21,87,4590,79,58.10127,37.531647,114.55697,0,264.16367,3.343844,264.18896,3.3441641,16.287447,5.082647,5.124567,1.5200012,1.532391,25.000427,29.673157,32.45872,0
26,26,38,64,5862,115,50.97391,39.565216,390.62607,0,466.7626,4.058805,466.79974,4.059128,5.364069,6.499362,6.565087,1.6012994,1.6173639,21.338938,23.472008,25.45889,0
27,27,20,87,7192,119,60.43697,46.058823,46.546215,0,491.17792,4.1275454,491.18884,4.127637,16.003487,6.803924,6.845298,1.648419,1.658406,16.93607,18.877264,20.52109,1
28,28,35,52,2992,72,41.555557,47.708332,154.08333,0,233.42258,3.2419803,233.4422,3.2422528,3.4111292,5.424519,5.483833,1.6732116,1.691365,36.053387,37.51113,38.337204,0
29,29,23,86,4354,75,58.053333,47.280003,5.12,0,253.13025,3.37507,253.584,3.38112,15.76062,6.136186,5.9113407,1.8180915,1.7483381,16.126156,20.239859,22.607172,0
30,30,19,100,2545,37,68.78378,47.54054,509.24323,0,90.0022,2.4324918,90.704704,2.4514785,24.205357,4.868547,5.0560555,2.0014648,2.0624516,10.607594,13.381744,16.171055,1
31,31,37,57,4134,87,47.517242,48.86207,442.86206,0,308.36884,3.5444694,308.36768,3.544456,4.1959534,5.851925,5.834783,1.6510017,1.6461717,16.092747,17.264992,18.557869,0
32,32,16,67,4377,87,50.310345,50.03448,34.70115,0,308.61816,3.5473351,309.5266,3.5577772,13.283219,6.106218,6.453761,1.7213535,1.8139869,13.370588,15.334364,16.794245,1
33,33,30,72,4913,89,55.202244,51.471905,459.15726,0,316.14148,3.5521512,316.1942,3.5527437,11.076019,5.4629135,5.4915876,1.5379169,1.5457314,16.690468,16.785154,19.625813,0
34,34,36,63,8646,165,52.399998,52.81818,71.08485,0,802.3628,4.862805,802.36835,4.8628383,6.0229864,7.8623157,7.9151306,1.6168272,1.6276771,25.649197,28.268894,29.61313,0
35,35,40,61,2888,57,50.666668,53.77193,423.8772,0,167.72871,2.942609,167.73892,2.9427881,5.657887,5.301149,5.2845645,1.8015131,1.7957679,12.791304,15.06403,16.430141,1
36,36,16,100,1560,31,50.32258,55.580643,509.77417,0,82.73758,2.6689541,83.90126,2.7064922,25.614244,5.556266,5.788125,2.0818138,2.1386077,14.013025,16.047285,18.781961,1
37,37,34,67,4106,79,51.974686,55.556965,104.48102,0,265.37845,3.359221,265.3928,3.3594024,6.797197,5.1885815,5.190915,1.5445788,1.54519,21.389301,23.357262,25.330997,0
38,38,36,61,3393,68,49.89706,56.92647,429.41177,0,219.07481,3.2216885,219.15108,3.22281,6.049161,5.9407597,5.8716354,1.8439895,1.8218993,11.02654,13.656504,15.263594,1
39,39,36,56,3514,71,49.492958,58.6338,15.352113,0,226.61217,3.1917207,226.61893,3.1918159,4.1380177,4.959449,4.94517,1.553848,1.5493281,18.027426,19.076248,19.89233,0
40,40,18,141,10836,137,79.09489,61.90511,379.1533,0,605.94324,4.422943,606.0563,4.4237685,46.282993,7.047517,6.981844,1.5933999,1.5782571,25.331676,27.802343,31.276413,0
41,41,38,55,4067,90,45.18889,64.26667,35.344444,0,326.47397,3.6274886,326.46988,3.627443,3.9690313,5.967575,6.014326,1.6450982,1.658007,17.508718,18.621815,19.310781,0
42,42,23,92,6049,101,59.891087,63.49505,404.65347,0,384.35794,3.805524,384.39227,3.805864,14.203541,6.1021695,6.0743933,1.6035031,1.5960616,20.811989,22.391226,23.197126,0
43,43,33,60,3774,81,46.592594,65,492,0,275.90063,3.4061806,275.98764,3.407255,4.393535,5.385165,5.4431176,1.5809982,1.5975082,18.232895,20.334925,22.255219,0
44,44,24,83,5001,86,58.15116,67.87209,454.77908,0,301.02838,3.50033,301.09985,3.501161,14.944484,5.4277587,5.5051622,1.550642,1.5723819,18.709694,19.951962,21.246346,0
45,45,32,75,7604,134,56.74627,74.62687,84.95523,0,583.3859,4.3536263,583.38477,4.3536177,8.806956,6.590878,6.5895977,1.5138824,1.5135913,26.360882,26.671646,27.67585,0
46,46,39,58,4037,84,48.059525,74.940475,313.32144,0,292.67368,3.4842105,292.69296,3.48444,4.036592,5.619873,5.60025,1.6129545,1.6072166,28.79359,32.070908,34.58191,0
47,47,16,137,12484,189,66.05292,74.1799,421.6561,0,1015.0267,5.370512,1018.78174,5.39038,28.129845,9.636081,9.268348,1.7942574,1.7194239,16.67174,17.808233,18.488295,1
48,48,37,70,4432,84,52.761906,74.82143,478.9286,0,290.36774,3.4567587,290.40628,3.4572177,6.875801,5.254387,5.2592854,1.5200329,1.521248,20.739746,24.025112,26.150818,0
49,49,16,84,5416,97,55.83505,75.90721,435.97937,0,360.71088,3.7186687,361.43213,3.7261043,20.214153,5.861695,6.0928483,1.5762886,1.6351793,17.255957,18.318924,20.0461,1
50,50,32,76,5130,91,56.373623,76.45055,111.769226,0,326.797,3.5911756,326.8244,3.5914767,9.274386,5.4554377,5.4895334,1.5191231,1.5284892,18.085835,19.43331,21.293966,0
51,51,27,72,5073,94,53.968082,77.48936,126.744675,0,345.1351,3.67165,345.14578,3.6717634,9.192332,5.7802315,5.8143477,1.5742872,1.5835301,20.246603,22.270367,24.515825,0
52,52,36,61,3896,80,48.7,77.9375,168.02501,0,270.54517,3.3818147,270.5701,3.3821263,4.7916594,5.317847,5.3032594,1.5724832,1.5680252,26.311392,30.102886,32.897854,0
53,53,37,63,3936,74,53.189186,80.567566,11.108108,0,242.9398,3.2829702,242.94247,3.2830062,6.198683,5.3051515,5.316567,1.615961,1.6194203,21.952492,22.40504,24.105831,0
54,54,25,76,8837,152,58.138157,82.5329,55.30263,0,708.1447,4.658847,708.18146,4.6590886,12.054183,7.320255,7.2737727,1.5712589,1.5612007,24.615433,25.428692,26.743635,0
55,55,23,88,5622,93,60.451614,84.88172,32.23656,0,338.80118,3.6430235,338.7986,3.6429958,17.836483,5.648776,5.6437893,1.5505736,1.5492165,21.206203,21.561697,21.96761,0
56,56,37,56,3710,78,47.564102,86.371796,150.6282,0,259.58298,3.327987,259.5999,3.3282042,4.692027,5.1310554,5.1911106,1.5417895,1.5597333,21.681595,22.948322,26.915627,0
57,57,19,65,3282,66,49.727272,89.681816,507.86362,0,205.3638,3.1115727,205.5637,3.1146016,9.9491825,5.635273,5.530528,1.811069,1.7756776,20.462524,24.48433,26.69089,0
58,58,37,53,3857,83,46.46988,93.54217,319.54214,0,284.5593,3.428425,284.593,3.428831,3.4687495,5.164527,5.228516,1.5063846,1.5248684,21.867277,22.794464,23.783344,0
59,59,21,86,5908,99,59.67677,97.50505,109.65656,0,373.719,3.7749393,373.73727,3.775124,17.250282,5.901491,5.936027,1.5633341,1.5724058,19.316471,21.65028,22.903233,0
60,60,35,69,4463,84,53.130955,98.92857,343.59525,0,290.44745,3.457708,290.44684,3.4577005,7.6279244,5.3164062,5.31789,1.5375521,1.5379846,25.866596,28.774284,30.24761,0
61,61,20,68,2977,56,53.16071,101.21428,508.96426,0,173.22107,3.093233,173.63232,3.100577,11.069224,6.1334157,5.994497,1.9828495,1.9333488,19.048695,24.698864,28.52016,0
62,62,23,75,4517,79,57.177216,102.59494,18.734179,0,265.44437,3.3600554,265.48663,3.3605905,10.918293,5.4115925,5.4786468,1.6105664,1.6302631,22.791409,24.825954,26.097343,0
63,63,39,68,5586,107,52.205605,107.59813,48.224297,0,418.58853,3.9120421,418.58838,3.9120407,6.0291176,6.23426,6.233327,1.5936075,1.5933696,21.85064,23.24893,24.381311,0
64,64,17,106,9569,142,67.38732,108.281685,437.30984,0,643.6953,4.5330653,643.707,4.533148,26.585192,7.6392617,7.6320815,1.6852309,1.6836163,34.660866,35.614895,36.5073,0
65,65,24,82,4423,76,58.19737,110.32895,148.76315,0,256.96597,3.3811312,257.0007,3.3815882,12.988882,5.878697,5.9347005,1.7386776,1.7550039,21.856133,25.95661,28.888926,0
66,66,30,66,4476,85,52.658825,109.82353,298.31766,0,297.7241,3.5026364,297.7213,3.5026038,7.9239817,5.671627,5.6697445,1.6192452,1.6187228,21.359688,22.875439,23.844074,0
67,67,33,55,3932,87,45.1954,110.9885,86.655174,0,307.12805,3.5302074,307.2086,3.5311332,4.019604,5.6511154,5.7493696,1.6007885,1.628194,21.727081,23.935385,25.157482,0
68,68,19,98,8967,143,62.70629,114.1958,114.82517,0,649.3828,4.5411386,649.43646,4.5415134,20.48668,7.46547,7.429068,1.6439643,1.6358134,19.049006,21.106873,22.918154,0
69,69,18,121,5556,84,66.14286,117.04762,314.13095,0,295.13474,3.5135088,295.21854,3.5145063,33.62721,6.8692145,6.990692,1.9550867,1.9890965,13.278273,16.515804,18.41692,1
70,70,17,145,15595,213,73.215965,115.178406,486.42725,0,1185.8745,5.5674863,1186.8842,5.572226,38.541367,9.189102,9.241539,1.6504939,1.6585004,23.618584,25.659367,27.572166,0
71,71,20,94,6453,104,62.048073,122.82692,133.55768,0,402.9969,3.8749697,403.0203,3.8751948,19.44785,6.339339,6.33663,1.6359712,1.6351771,20.153963,23.510239,26.33778,0
72,72,22,74,5717,104,54.97115,124.20191,61.03846,0,403.0639,3.8756142,403.11517,3.8761072,8.7249155,6.8769474,6.8424244,1.7744149,1.7652825,15.664271,19.181084,21.218815,1
73,73,20,87,6814,113,60.300884,124.20354,319.86725,0,460.5992,4.0760994,460.73254,4.077279,13.825643,6.9496765,6.849908,1.704982,1.6800194,12.5366955,16.993443,19.961288,1
74,74,32,77,4597,82,56.060974,124.85365,335.75607,0,289.08575,3.525436,289.13754,3.5260675,10.081798,6.1511855,6.072368,1.7448014,1.7221361,19.446491,21.749105,23.082918,0
75,75,15,157,9254,121,76.47933,127.776855,87.00826,0,509.57712,4.211381,509.664,4.212099,52.95126,7.0634828,7.215068,1.6772367,1.7129388,19.99295,22.06687,24.288956,0
76,76,18,161,9391,125,75.128006,129.936,52.416004,0,530.75085,4.246007,530.79486,4.246359,50.90021,6.8487396,6.804944,1.6129836,1.6025362,15.027499,17.594254,20.485191,1
77,77,20,91,8013,131,61.16794,131.12978,23.282442,0,569.63385,4.34835,569.76917,4.349383,18.444118,7.184934,7.2561526,1.6523358,1.6683178,25.612621,26.794418,28.39449,0
78,78,20,96,6432,102,63.058826,134.57843,292.9314,0,387.6254,3.800249,387.67075,3.8006938,23.105394,5.75532,5.7243743,1.5144587,1.5061393,26.4216,27.236012,31.40575,0
79,79,21,88,8746,143,61.16084,133.15384,360.76923,0,645.8082,4.5161414,645.8049,4.516118,15.944243,7.0164614,7.0265236,1.5536407,1.5558769,24.519543,28.633263,31.048069,0
80,80,20,102,5178,85,60.91765,134.22353,494.6,0,296.8337,3.4921613,296.9103,3.4930625,20.11275,5.454454,5.501869,1.5619135,1.5750847,23.323591,27.548794,32.280243,0
81,81,30,78,4207,75,56.093334,138.37334,107.64,0,244.73192,3.2630923,244.73634,3.2631514,10.020211,4.9694743,4.958974,1.5229341,1.5196886,24.208221,25.903797,26.983545,0
82,82,22,109,5247,83,63.216866,138.12048,382.9036,0,285.84387,3.443902,285.8823,3.4443648,23.877728,5.3108,5.3388762,1.542088,1.5500321,19.649405,23.858276,27.09642,0
83,83,20,85,7526,127,59.259842,139.4252,469.2047,0,586.75104,4.6200867,586.755,4.620118,15.752621,8.455193,8.475128,1.830094,1.8343964,26.049616,27.280056,31.60455,0
84,84,19,83,8969,150,59.793335,143.12001,419.37335,0,704.1537,4.694358,704.21106,4.6947403,16.144472,7.878709,7.938075,1.6783358,1.6908443,26.084858,29.660187,32.04127,0
85,85,14,119,9912,145,68.35862,144.66896,443.55862,0,686.1487,4.73206,686.14435,4.73203,30.38209,8.669064,8.6684885,1.8319851,1.8318752,25.205753,29.11048,34.65474,0
86,86,28,80,7049,125,56.392002,149.576,50.88,0,526.3839,4.2110715,526.3884,4.2111077,9.968668,6.5825634,6.5559835,1.5631564,1.5568311,22.284407,23.305397,24.31205,0
87,87,22,84,5398,89,60.65168,151.51685,392.73032,0,316.31607,3.554113,316.39352,3.5549831,15.547029,5.5488296,5.630132,1.5612417,1.5837296,19.508286,22.317154,25.468128,0
88,88,32,54,3395,79,42.974686,153.31645,25.810127,0,265.12485,3.356011,265.17142,3.3566003,4.304765,5.170219,5.257982,1.5405847,1.5664605,23.65593,24.219748,26.768661,0
89,89,25,79,8678,149,58.24161,167.4698,82.89262,0,685.42773,4.6001863,685.4286,4.600192,10.212935,7.177338,7.1831026,1.5602276,1.5614789,32.367657,33.243145,34.100903,0
90,90,28,70,7005,128,54.726562,166.14062,116.97656,0,546.85455,4.272301,546.974,4.2732344,7.472569,6.793035,6.8868237,1.5900178,1.6116185,25.755365,26.607557,27.279404,0
91,91,18,92,5035,88,57.21591,167.95454,141.63637,0,314.62637,3.5752997,314.86493,3.5780106,18.459074,6.657031,6.84401,1.8619505,1.9127976,10.675058,15.358849,21.713762,2
92,92,25,88,4955,84,58.9881,170.30952,380.53574,0,290.9406,3.4635787,290.96365,3.4638531,15.16614,5.557212,5.5458884,1.6044711,1.6010749,22.196766,22.553745,22.767113,0
93,93,34,64,6176,120,51.466663,174.34999,53.049995,0,496.48483,4.1373734,496.59558,4.138296,6.99039,6.5134554,6.6327505,1.5742972,1.6027733,25.742882,26.534765,27.55744,0
94,94,23,86,9464,160,59.15,172.2875,152.34375,0,772.52747,4.8282967,772.5732,4.8285823,12.47257,8.060752,8.03083,1.6694815,1.663186,11.243606,19.461533,26.599812,2
95,95,26,75,7776,139,55.942444,177.43164,19.28777,0,617.4663,4.4422035,617.5026,4.442465,11.406655,6.787863,6.833029,1.5280396,1.5381166,22.678638,26.41995,28.46738,0
96,96,19,59,4496,96,46.833336,175.96875,357.82294,0,360.84088,3.7587593,360.9107,3.7594867,5.7945137,6.5614753,6.5619583,1.7456492,1.74544,17.394318,21.384787,23.397913,1
97,97,17,108,5340,94,56.80851,177.68085,142.82979,0,345.39767,3.6744432,345.83188,3.6790624,29.098614,6.59166,6.7423387,1.7939208,1.8326242,10.367795,16.349178,21.55064,2
98,98,14,134,10135,138,73.44203,182.3261,309.50726,0,615.3196,4.4588375,615.3806,4.45928,36.65448,8.197805,8.134898,1.8385521,1.8242627,17.160042,22.371181,25.447906,1
99,99,17,117,5378,89,60.426964,185.9438,363.30334,0,317.1699,3.5637064,317.7135,3.5698144,29.265879,5.8371525,6.047,1.6379442,1.6939256,15.103283,17.824757,19.218838,1
100,100,18,148,10640,129,82.48062,185.969,320.87598,0,562.68243,4.3618793,565.9581,4.3872724,46.10455,7.6938004,7.620482,1.7638729,1.7369521,11.19327,17.854902,21.48236,2
101,101,17,88,9601,160,60.006252,186.31876,395.61252,0,779.0845,4.869278,779.0894,4.869309,14.472171,8.702096,8.730849,1.787143,1.7930366,15.000724,16.561428,17.918825,1
102,102,18,100,6295,113,55.707966,188.75221,330.9469,0,458.85562,4.0606694,458.9043,4.0611,15.22148,7.3081675,7.3185806,1.7997445,1.8021178,16.415207,18.486954,20.609497,1
103,103,35,56,3378,77,43.87013,191.4935,108.33766,0,255.94131,3.323913,255.96907,3.3242736,3.7394025,5.222986,5.26443,1.5713366,1.5836332,24.200478,27.79836,30.137527,0
104,104,26,85,8211,141,58.23404,195.30496,29.07092,0,630.55286,4.472006,630.564,4.472085,13.435233,6.9188957,6.942596,1.5471572,1.5524293,18.770384,23.128605,25.981691,0
105,105,22,87,7932,126,62.952377,196.59523,378.82538,0,543.70416,4.315112,543.916,4.3167934,17.755327,7.349827,7.298292,1.703276,1.6906744,12.87221,14.856524,16.063103,1
106,106,17,98,6249,109,57.330273,195.82568,402.84402,0,450.36484,4.1317873,450.91443,4.1368294,24.05577,8.901066,9.228821,2.1542895,2.2308922,14.665642,17.721527,19.298887,1
107,107,32,75,4138,74,55.918915,199.9054,45.608105,0,241.12753,3.25848,241.13814,3.2586234,10.331999,5.2659345,5.2841396,1.6160707,1.6215864,17.38895,20.464941,24.001125,0
108,108,25,92,4272,72,59.333332,200.56944,63.208332,0,230.5122,3.2015584,230.54822,3.2020586,16.347782,4.950411,4.975827,1.5462503,1.5539464,22.865639,25.760534,27.955639,0
109,109,18,86,5495,98,56.071426,201.94897,386.5714,0,373.7171,3.8134398,373.75772,3.8138542,18.897818,6.8840504,6.8559895,1.8052075,1.7976538,9.636177,12.219641,13.678911,2
110,110,18,84,5971,111,53.792793,203.63965,347.991,0,441.47202,3.9772255,441.9561,3.9815865,16.12011,6.439888,6.6345997,1.619191,1.6663207,17.573984,19.516354,21.270493,1
111,111,18,89,10106,164,61.62195,209.68901,291.43292,0,791.70184,4.8274503,791.7136,4.827522,19.353666,7.5476503,7.565653,1.5634859,1.5671918,20.540922,24.625103,26.848156,0
112,112,19,67,5856,125,46.848003,211.688,385.05603,0,531.4163,4.251331,531.67664,4.253413,10.768144,7.066828,7.1747713,1.6622624,1.6868268,13.092252,14.547964,16.060045,1
113,113,16,162,14609,168,86.958336,212.22025,114.4762,0,819.5223,4.878109,819.5753,4.8784246,52.019497,7.5656915,7.583372,1.5509477,1.5544715,33.151646,37.483566,39.995636,0
114,114,17,111,10672,165,64.67879,213.87273,340.7818,0,810.2028,4.91032,811.01483,4.9152412,27.657642,8.705824,8.45264,1.7729647,1.7196795,13.5318775,14.154094,17.111904,3
115,115,14,102,9521,148,64.33108,214.12837,194.53377,0,680.38434,4.5971913,680.5705,4.598449,24.958178,7.5169377,7.387857,1.6351153,1.6065975,50.943718,53.458584,54.948765,0
116,116,24,85,8688,144,60.333332,216.57639,314.9375,0,653.24695,4.536437,653.5093,4.538259,14.033689,7.1163006,7.0256424,1.5686982,1.548092,18.453913,20.794315,22.09207,1
117,117,31,76,5315,96,55.364586,219.8125,415.84375,0,356.50388,3.713582,356.51572,3.7137055,10.559476,5.915832,5.9349074,1.5930258,1.5981094,18.718174,21.243645,22.753473,0
118,118,17,113,11467,176,65.15341,220.28978,326.7841,0,885.8493,5.0332346,886.679,5.037949,26.747433,8.719426,8.91302,1.7323703,1.7691762,12.899651,13.732608,17.040005,3
119,119,21,109,5262,82,64.17073,224.89023,261.56097,0,279.71558,3.4111655,279.71744,3.4111881,28.663225,5.192377,5.1856985,1.522171,1.520203,19.052757,23.874279,26.917938,0
120,120,36,75,6003,108,55.583332,225.01852,285.0926,0,425.95557,3.9440331,426.07162,3.9451077,8.580906,6.371936,6.425021,1.6155888,1.6286048,20.060467,23.712292,26.080872,0
121,121,20,86,7683,133,57.766914,226.21053,370.4511,0,577.5387,4.3423963,577.54987,4.34248,14.845513,6.790628,6.8131166,1.5637974,1.5689459,13.819153,15.258215,16.592733,1
122,122,27,87,2737,44,62.204548,228.5,509.2273,0,120.0531,2.7284796,120.37498,2.735795,16.596247,4.836578,4.7836246,1.7726275,1.7485318,26.1829,33.576305,42.15035,0
123,123,16,87,5223,99,52.757576,228.91919,382.24243,0,379.0942,3.8292344,380.24472,3.8408558,19.307764,6.5801005,6.940871,1.7183855,1.8071157,13.015387,14.496719,16.259136,1
124,124,18,89,7535,135,55.814816,228.08148,337.66666,0,598.12634,4.4305654,598.7476,4.4351673,21.742327,7.566931,7.8360486,1.7078928,1.7667989,13.965292,17.801903,19.984653,2
125,125,38,60,3218,70,45.971424,231.17142,70.88571,0,220.76816,3.1538305,220.75435,3.1536334,5.118514,4.909144,4.9825544,1.5565655,1.5799409,35.87816,39.762726,43.462486,0
126,126,19,87,5979,99,60.39394,233.42424,249.74747,0,376.45465,3.8025723,376.49927,3.8030229,17.281282,6.4550805,6.525734,1.6975563,1.7159334,23.823643,27.380844,29.618355,0
127,127,18,82,5276,98,53.836735,233.38776,404.08163,0,372.7526,3.803598,372.79822,3.8040633,14.120974,6.1589394,6.2341127,1.6192404,1.6388036,13.769806,16.274183,17.778557,1
128,128,19,72,5612,116,48.37931,238.88792,411.92242,0,474.30408,4.088828,474.38135,4.089494,13.6094885,7.011182,6.955108,1.7147167,1.7007258,10.641752,13.374537,14.899479,2
129,129,15,85,5257,93,56.526882,240.33333,363.96774,0,343.8613,3.6974332,344.0325,3.6992743,21.194237,6.258268,6.2058473,1.692598,1.677585,13.586199,14.237423,16.064663,1
130,130,23,78,5162,94,54.91489,242.38297,378.65958,0,347.46155,3.6963992,347.47855,3.6965802,12.81925,6.1407924,6.1318417,1.6612904,1.6587877,14.383227,15.634265,17.76947,0
131,131,18,86,5171,88,58.761364,244.09091,482.75,0,321.0687,3.648508,321.0668,3.6484866,17.98231,6.315769,6.272209,1.7310553,1.7191262,25.90274,27.510693,29.96193,0
132,132,17,71,5813,111,52.36937,245.46848,421.6036,0,444.9764,4.0087967,445.1059,4.009963,11.120898,6.9728003,7.0261245,1.7393749,1.7521669,10.944755,14.022322,15.837475,2
133,133,18,130,8882,124,71.62903,247.9516,309.08063,0,519.5179,4.18966,519.503,4.18954,35.14772,6.304803,6.3098507,1.5048484,1.5060964,18.501408,21.576323,24.16154,0
134,134,15,96,8303,135,61.503704,249.3037,355.49628,0,596.3527,4.4174275,596.7251,4.420186,22.518097,7.0404882,7.1343923,1.5937983,1.614048,16.628931,19.144318,20.794292,1
135,135,16,94,7730,120,64.416664,249.96664,506.49997,0,501.30786,4.177565,501.75937,4.181328,21.415956,7.4733605,7.3552513,1.7889273,1.7590708,23.0526,25.091894,31.423695,0
136,136,21,87,4532,79,57.36709,253.70886,214.96204,0,265.87494,3.3655057,266.12463,3.3686664,16.565311,5.3198957,5.249649,1.5807122,1.5583761,19.165901,26.199856,30.785221,0
137,137,17,80,5649,106,53.292454,255.60378,420.61322,0,414.94485,3.9145741,415.04587,3.915527,16.428213,6.9529986,7.0537844,1.7761827,1.8014904,10.1777315,13.065189,16.721882,2
138,138,19,94,10039,160,62.74375,259.17502,272.7,0,763.9318,4.774574,763.946,4.7746625,17.044151,7.580917,7.6202774,1.5877683,1.5959824,27.416157,29.698095,30.897383,0
139,139,14,116,7379,110,67.08182,259.9091,322.10907,0,439.411,3.9946454,439.43567,3.9948697,31.264307,6.5783587,6.5511584,1.6467942,1.6398929,18.407131,19.366856,20.87489,0
140,140,22,89,5143,83,61.963852,262.93976,296.89154,0,286.27197,3.4490597,286.4298,3.4509614,17.909708,5.4643407,5.4241815,1.5842986,1.5717885,18.025404,20.026596,21.140625,0
141,141,14,119,9527,139,68.539566,264.39566,238.14388,0,627.93414,4.517512,628.0595,4.5184135,30.370913,7.6071067,7.7232375,1.6839151,1.7092808,21.479588,22.950424,25.481253,0
142,142,21,83,4522,77,58.727272,265.14285,220.72728,0,259.3912,3.368717,259.44217,3.3693788,15.36621,5.8212533,5.8668733,1.7280328,1.7412329,15.118928,22.635374,27.724325,0
143,143,29,64,5246,101,51.940594,265.63367,422.30692,0,382.65033,3.7886171,382.6729,3.7888408,6.5533934,5.9253473,5.8908815,1.5639868,1.5547979,15.049239,16.758644,19.583933,1
144,144,21,92,10466,173,60.49711,267.2312,366.27744,0,859.68506,4.969278,859.88763,4.9704485,16.474054,7.8200936,7.9654655,1.5736881,1.6025647,22.884663,23.757986,24.567703,0
145,145,17,123,5067,76,66.67105,269.01315,338.9342,0,250.06075,3.290273,250.07431,3.2904515,33.46852,5.1610227,5.1733418,1.5685698,1.5722286,19.976852,21.899311,23.269354,0
146,146,34,73,9483,169,56.112427,267.3846,453.59763,0,846.0833,5.00641,846.13574,5.0067205,7.5057626,8.597291,8.623743,1.7172567,1.7224334,31.738071,32.189705,32.898556,0
147,147,27,81,9683,171,56.625732,272.4035,395.07602,0,846.45935,4.9500546,846.5555,4.950617,10.984852,7.8363547,7.8267593,1.5830845,1.5809665,25.936451,27.044094,27.924974,0
148,148,23,80,9880,165,59.878784,271.17575,486.47272,0,816.62646,4.949251,816.885,4.950818,12.672944,8.607954,8.629221,1.7392437,1.742989,26.527699,27.408627,28.82971,0
149,149,21,92,4970,85,58.47059,275.64706,307.7765,0,296.3458,3.486421,296.37564,3.4867723,16.534874,5.4165554,5.4247017,1.5536147,1.5557946,19.00912,19.972685,21.911053,0
150,150,22,85,8382,136,61.632355,284.41177,415.6397,0,598.9118,4.4037633,598.9182,4.4038105,16.538641,6.949779,6.955795,1.5781455,1.5794946,19.555733,20.974857,21.860907,0
151,151,14,103,9318,144,64.708336,285.3125,288.125,0,651.4452,4.523925,651.4864,4.524211,25.955055,7.279305,7.239026,1.6090685,1.6000638,21.482769,22.331505,23.479267,0
152,152,18,109,5100,80,63.75,286.36252,251.85,0,270.34427,3.3793035,270.37033,3.3796291,25.92899,5.429467,5.422279,1.6066823,1.6044005,24.24094,24.791327,27.158989,0
153,153,24,84,4670,82,56.951218,286.7439,349.85364,0,281.00076,3.4268384,281.0016,3.4268484,12.537653,5.3728285,5.4385467,1.5678675,1.5870403,18.4483,19.239994,20.182209,0
154,154,22,76,11635,236,49.300846,286.6822,120.81356,0,1377.6985,5.8377056,1378.8813,5.8427176,9.330476,9.56868,9.556626,1.6391165,1.6356474,74.69598,81.79825,86.28758,0
155,155,21,82,8932,151,59.152317,292.07947,366.00662,0,701.5988,4.64635,701.60706,4.6464043,14.060299,7.308689,7.30494,1.5729959,1.5721706,18.486248,19.216192,20.62458,0
156,156,27,76,10310,178,57.921345,292.1966,433.17413,0,909.2321,5.108045,909.29224,5.108383,11.391623,8.670045,8.736551,1.6973313,1.7102381,23.942398,26.67376,28.34945,0
157,157,40,65,4110,78,52.692307,295.5,332,0,259.04956,3.3211482,259.0514,3.3211718,5.340479,4.924429,4.939611,1.482749,1.4873097,18.681585,21.254892,22.786041,0
158,158,17,80,20467,378,54.145504,296.8492,487.94977,0,2976.285,7.87377,2979.5764,7.8824778,11.801153,13.598732,14.036881,1.7270929,1.7807702,25.496754,25.569809,29.582756,0
159,159,20,92,5514,92,59.93478,302.2826,383.16302,0,335.25717,3.6440995,335.2612,3.6441433,18.91388,5.8344984,5.877307,1.601081,1.612809,19.575802,22.87727,24.72807,0
160,160,24,72,4642,85,54.611767,304.8706,269.62354,0,295.897,3.4811413,295.90768,3.481267,9.771621,5.419445,5.429978,1.5568012,1.5597706,15.139544,18.646442,20.71547,0
161,161,36,62,4670,92,50.760864,304.90216,402.1739,0,334.66037,3.6376126,334.69608,3.6380005,4.9461656,5.8492427,5.8840013,1.6079894,1.6173723,21.854776,23.623318,24.787336,0
162,162,24,83,4821,79,61.02532,306.34177,286.88608,0,264.5507,3.348743,264.56424,3.3489146,15.485375,5.213481,5.1747756,1.5568471,1.5452098,15.867317,17.60012,19.692097,0
163,163,19,98,5073,84,60.392857,308.54764,257.2024,0,291.28436,3.4676712,291.31973,3.4680922,21.704193,5.499622,5.4537888,1.5859698,1.5725616,17.88781,21.847052,24.634727,0
164,164,39,62,4168,84,49.61905,309.2738,354.5238,0,297.38693,3.5403206,297.401,3.5404882,4.633996,5.9734907,5.9374523,1.687274,1.6770151,21.842464,22.87761,23.516806,0
165,165,23,97,4870,76,64.07895,312.3421,299.98685,0,249.2844,3.280058,249.34433,3.2808464,22.195164,4.998567,5.0490837,1.5239265,1.5389577,15.700357,16.92577,20.031223,0
166,166,23,85,9591,163,58.84049,312.773,329.33127,0,788.4459,4.8370914,788.4765,4.837279,12.291414,8.039499,8.06698,1.6620524,1.667669,17.151367,19.901768,21.284924,0
167,167,19,92,5672,95,59.705265,320.95792,314.6316,0,352.36737,3.7091303,352.40952,3.709574,20.051973,6.0750046,6.030135,1.6378515,1.62556,16.90799,18.656527,21.696968,0
168,168,18,144,5466,76,71.92105,321.69736,482.17105,0,249.76587,3.286393,250.06274,3.2902992,41.300495,5.1493387,5.0274835,1.5668664,1.5279715,14.665445,17.855864,19.76971,1
169,169,14,156,5209,75,69.45334,322.24002,490.1067,0,250.8963,3.345284,250.92523,3.3456697,42.641235,5.902768,5.955646,1.7645043,1.7801058,12.284914,16.684029,19.658989,1
170,170,29,81,9472,159,59.572327,324.97482,439.4654,0,762.59564,4.796199,762.64465,4.796507,10.667332,7.833394,7.900855,1.6332505,1.6472102,21.342228,21.956467,23.316002,0
171,171,30,81,6214,111,55.981983,327.991,416.47748,0,440.36255,3.9672303,440.4637,3.9681416,11.984963,6.0977836,6.1682997,1.537038,1.5544555,19.536398,20.752579,21.75375,0
172,172,29,70,8228,146,56.356163,330.26712,459.5,0,672.1654,4.603873,672.20123,4.604118,10.353175,7.495625,7.520914,1.628113,1.633519,22.47926,23.190908,25.30363,0
173,173,23,98,4684,74,63.297295,331.04053,294.9054,0,239.8519,3.2412417,239.94308,3.242474,21.25758,5.0521545,5.081794,1.5587096,1.5672581,20.765095,22.499405,23.402073,0
174,174,23,90,9862,163,60.503067,332.47852,345.36197,0,794.72577,4.875618,794.77203,4.8759017,14.904346,8.160848,8.104475,1.6738079,1.662149,19.516739,21.165342,22.110981,0
175,175,20,78,8407,144,58.381947,331.2639,391.9375,0,654.38617,4.5443482,654.3854,4.544343,12.816546,7.2171597,7.176858,1.5881617,1.5792949,21.32219,23.641258,25.030087,0
176,176,16,145,10433,139,75.05755,337.5899,496.4676,0,619.24396,4.4549923,619.26434,4.455139,39.510635,7.0750613,7.1253376,1.5881197,1.5993525,16.377525,18.043922,21.219898,0
177,177,29,71,4913,89,55.202244,338.04492,363.5393,0,319.3281,3.587956,319.3372,3.588058,9.624617,5.637001,5.6250434,1.5710899,1.5677125,18.286722,20.561,22.501522,0
178,178,17,168,4874,74,65.86486,339.75674,267.9189,0,243.64273,3.2924693,243.89821,3.2959216,49.261395,5.5833645,5.4425445,1.6957985,1.6512967,19.01566,23.676361,26.489212,1
179,179,15,166,5842,85,68.729416,344.05884,419.81177,0,295.25037,3.4735339,295.56656,3.4772537,48.32035,5.2729063,5.448573,1.5180236,1.5669185,13.891798,14.956692,17.523943,0
180,180,18,145,5260,76,69.210526,345.2895,431.11844,0,249.81491,3.2870383,249.91562,3.2883635,42.20948,5.290816,5.33631,1.6095997,1.6227859,14.6478195,16.195765,17.637482,0
181,181,15,169,11290,152,74.27631,347.04605,274.2763,0,716.7748,4.7156234,717.4476,4.72005,47.0838,7.969487,7.9128556,1.6900177,1.6764348,17.891111,25.238104,28.989462,1
182,182,19,94,9226,147,62.7619,348.2925,386.4626,0,671.13385,4.5655365,671.1771,4.5658307,20.638231,7.075895,7.021064,1.5498496,1.5377407,18.633907,20.089088,21.344204,0
183,183,18,66,4892,94,52.042553,350.0638,335.78723,0,344.67462,3.6667511,344.7281,3.66732,9.52032,5.9881597,6.0416784,1.6330968,1.647437,12.44282,14.969528,18.572084,1
184,184,30,78,5615,101,55.59406,350.65347,486.99008,0,385.12595,3.8131282,385.22095,3.8140688,10.859297,6.214101,6.19898,1.6296595,1.6252931,15.467424,18.311632,20.87969,0
185,185,39,63,4963,102,48.656864,352.52942,449.00003,0,389.24292,3.8161073,389.28757,3.816545,5.2384243,5.880017,5.9618444,1.5408416,1.5621051,21.95293,23.328024,24.471138,0
186,186,23,85,5272,96,54.916668,355.57294,364.64584,0,358.2613,3.7318885,358.40506,3.733386,13.337499,6.0497665,6.1669765,1.6211005,1.6518453,17.552395,19.171537,20.128515,0
187,187,16,90,5189,90,57.655556,356.74445,342.26666,0,335.81027,3.7312253,336.622,3.7402446,19.293154,6.391203,6.4819436,1.7128966,1.7330266,8.627739,13.221766,16.031961,2
188,188,18,85,7976,135,59.081482,360.94815,422.4,0,593.57513,4.396853,593.6874,4.397684,17.087164,6.912131,6.9275517,1.5720632,1.5752727,15.8157215,16.51788,18.167433,0
189,189,26,85,4922,86,57.23256,360.44186,475.89536,0,300.0091,3.488478,300.0862,3.4893746,13.57295,5.304373,5.3934355,1.5205407,1.545674,19.935106,22.302465,23.735617,0
190,190,19,93,5549,93,59.666668,364.6344,341.3011,0,345.97073,3.7201154,345.94608,3.7198503,21.648876,6.7591767,6.804255,1.8169266,1.8291744,11.763899,14.262987,15.941502,1
191,191,27,78,5043,92,54.815212,366.39127,309.5652,0,336.5619,3.658281,336.57535,3.6584275,9.515352,5.915579,5.87147,1.6170378,1.6049163,24.352776,26.531792,27.672115,0
192,192,16,95,5354,90,59.48889,366.05557,378.71112,0,332.0762,3.6897357,332.22308,3.6913676,20.997486,6.597784,6.6195316,1.7881454,1.7932464,13.327358,15.345139,17.902666,1
193,193,23,90,5879,104,56.528843,366.91345,409.13458,0,399.2455,3.838899,399.2586,3.8390248,15.313365,5.90357,5.9264297,1.537829,1.5437331,17.527966,19.209385,20.71346,0
194,194,32,63,4726,97,48.72165,371.86597,498.2165,0,371.07187,3.825483,371.07855,3.825552,5.414266,6.4905005,6.5202665,1.6966486,1.7043989,17.261694,19.50781,20.899546,0
195,195,19,79,5516,106,52.037735,375.06604,377.34906,0,414.52975,3.9106581,414.55634,3.910909,12.342538,6.429131,6.517387,1.6440023,1.6664635,13.612722,15.300864,16.899418,1
196,196,17,69,4998,97,51.525772,376.73193,439.28864,0,365.7391,3.7705061,365.98956,3.7730882,11.659334,6.4974937,6.6408215,1.7232418,1.7600493,16.812397,19.782494,21.356422,1
197,197,20,91,5285,85,62.17647,379.3294,353.75296,0,296.38147,3.486841,296.4252,3.4873555,21.582771,5.451853,5.4621277,1.5635507,1.5662664,19.4694,20.758745,21.563599,0
198,198,18,108,10024,142,70.591545,383.6479,397.27463,0,649.378,4.5730844,650.38367,4.580167,25.729952,8.242084,7.984421,1.802303,1.7432598,11.671444,14.441726,15.959036,2
199,199,20,69,5099,95,53.673687,383.1579,490.55792,0,349.35553,3.6774268,349.35922,3.6774657,11.239443,5.868682,5.8630157,1.5958664,1.5943087,13.838135,15.491974,18.378275,0
200,200,17,67,5202,105,49.54286,383.44763,447.37146,0,406.81677,3.8744457,407.18558,3.877958,9.115166,6.0486293,6.0926857,1.56116,1.5711067,13.296851,17.634338,20.403477,1
201,201,20,178,12462,169,73.73965,386.62723,268.99408,0,889.09796,5.260935,892.97253,5.283861,48.28899,10.562706,11.094956,2.0077622,2.099782,17.157772,20.175356,23.691563,1
202,202,17,75,4571,89,51.359547,384.87637,295.14606,0,339.4269,3.8137853,340.1658,3.8220873,16.847795,7.02742,7.2077856,1.8426365,1.8858244,17.723831,19.630478,21.27549,1
203,203,34,73,5113,94,54.393616,384.57446,334.78723,0,344.69708,3.66699,344.72583,3.667296,9.275016,5.7048616,5.6624913,1.5557342,1.5440508,19.715897,20.13628,20.870205,0
204,204,24,80,8301,140,59.292854,386.63568,199.66428,0,630.0554,4.500396,630.0725,4.500518,14.878313,7.700848,7.7379937,1.7111491,1.7193563,36.248665,41.185192,44.24923,0
205,205,17,178,18760,272,68.97059,384.14337,255.95589,0,1853.9569,6.816018,1861.0911,6.8422465,33.389732,16.314936,15.87781,2.393617,2.320555,23.619583,27.26683,30.249378,1
206,206,28,74,4798,87,55.149426,386.13794,463.2299,0,310.40598,3.5678847,310.39993,3.5678153,11.431483,5.9896894,6.01224,1.6787789,1.685132,18.902035,19.914694,21.366692,0
207,207,17,123,5973,110,54.3,390.13635,388.3818,0,442.88312,4.02621,443.47705,4.0316095,30.129282,7.6669927,7.968105,1.9042705,1.9764079,11.43175,12.838924,14.298479,2
208,208,17,101,6009,112,53.651783,389.46426,408.15176,0,450.1299,4.0190167,450.50522,4.022368,28.751926,6.862603,7.0309386,1.7075329,1.7479601,11.896075,14.524511,16.536438,2
209,209,20,135,5844,83,70.40964,390.3494,507.9277,0,296.18585,3.568504,297.86026,3.5886776,34.984344,6.431822,6.3788095,1.802386,1.7774819,16.486004,17.950434,19.749065,1
210,210,35,69,4927,94,52.41489,390.8085,316.04254,0,343.6606,3.655964,343.66156,3.655974,7.778051,5.690233,5.6830454,1.5564249,1.5544546,20.738169,22.24604,23.431475,0
211,211,24,77,4777,86,55.546513,393.40698,71.19768,0,302.81006,3.521047,302.82318,3.5211997,11.803289,5.7279506,5.7072077,1.6267748,1.6208134,33.031105,38.733654,44.415146,0
212,212,19,120,10917,168,64.98215,392.63095,372.9286,0,835.67755,4.9742713,835.7114,4.974473,28.351843,8.437351,8.508969,1.6961985,1.7105268,16.439455,16.997173,17.452436,0
213,213,18,87,5540,97,57.1134,394.2165,418.5773,0,361.5273,3.7270856,361.64502,3.7282991,22.852224,6.2704415,6.4069843,1.6823981,1.7184738,12.387806,13.28175,15.906369,2
214,214,28,64,4470,91,49.120876,395.13184,483.24173,0,329.17316,3.6172872,329.39062,3.619677,8.0176115,5.868452,6.068296,1.6223352,1.6764745,17.98609,19.85011,21.17382,0
215,215,17,92,7523,124,60.669353,396.37094,287.64514,0,524.00616,4.225856,524.1377,4.226917,20.668554,6.9122815,6.9852047,1.6357117,1.6525532,15.346979,17.24561,20.168468,1
216,216,16,166,10399,143,72.720276,401.95804,389.27274,0,643.71924,4.501533,644.05304,4.503867,45.11266,6.871397,7.0360584,1.5264571,1.562226,12.97813,13.846892,15.0897255,1
217,217,25,75,8488,146,58.136986,403.07535,227.04109,0,664.0541,4.5483155,664.0474,4.54827,12.701326,7.075467,7.0658464,1.5556237,1.5535239,31.941101,32.690884,33.158493,0
218,218,19,75,6789,125,54.312004,404.13602,427.46402,0,535.9702,4.2877617,536.2307,4.289846,13.495728,7.046285,7.1801014,1.6433481,1.6737434,11.549231,15.074215,17.368992,2
219,219,17,119,3772,63,59.873013,404.47617,509.06348,0,227.11325,3.6049721,228.40025,3.6254005,30.16278,7.7228994,8.172647,2.142291,2.2542744,20.81643,23.287567,26.057394,1
220,220,14,146,17405,253,68.79447,403.71542,359.7431,0,1650.4849,6.523656,1650.0919,6.522103,37.204666,12.428025,12.818926,1.9050707,1.965459,17.439629,17.6722,18.507675,0
221,221,31,71,4868,92,52.91304,406.39127,342.29346,0,332.30435,3.6120036,332.31003,3.6120653,8.57404,5.489087,5.4560065,1.5196793,1.510495,17.87334,19.60622,21.934956,0
222,222,26,69,5278,100,52.78,407.31998,458.43,0,377.831,3.7783098,377.83417,3.7783415,7.498773,5.893012,5.8896203,1.5596952,1.5587845,18.00743,19.24464,21.010809,0
223,223,17,90,5634,98,57.489796,409.2755,419.14285,0,368.3692,3.7588694,368.80203,3.7632859,21.390085,7.070667,7.2586985,1.8810622,1.9288193,12.425018,14.7443695,16.722252,1
224,224,19,58,5728,123,46.569103,413.04877,290.77234,0,520.78925,4.234059,520.80457,4.2341833,6.010941,7.047828,7.120911,1.664556,1.6817673,15.72743,18.927687,21.323235,0
225,225,21,75,5240,100,52.399998,413.21,378.49,0,378.57086,3.7857084,378.61884,3.7861884,13.253678,6.579086,6.5251956,1.7378744,1.7234207,11.644157,12.957579,14.97171,1
226,226,16,164,18659,256,72.88672,417.21094,474.96875,0,1609.0981,6.2855396,1614.3042,6.305876,35.47654,10.879246,11.322962,1.7308372,1.7956208,20.856445,21.763678,23.786282,0
227,227,17,82,5391,98,55.010204,416.05103,388.7959,0,365.21527,3.7266865,366.00256,3.73472,18.68072,5.6841354,5.981775,1.5252519,1.6016662,12.395693,14.280742,16.038494,1
228,228,33,65,4232,81,52.246914,418.20987,58.74074,0,274.8515,3.3932285,274.84912,3.393199,6.8159776,5.3333426,5.3132014,1.5717605,1.5658385,27.97887,28.847326,30.095669,0
229,229,22,76,5060,92,54.999996,417.79346,315.65216,0,334.21344,3.6327546,334.24036,3.633047,12.715106,5.779504,5.7560515,1.5909425,1.5843592,14.617332,17.229918,19.254488,1
230,230,29,76,5108,95,53.768425,417.4737,445.1158,0,348.75787,3.6711357,348.80603,3.6716425,8.997605,5.682492,5.755009,1.5478839,1.5674208,19.434147,22.034798,23.98962,0
231,231,18,80,5052,89,56.76404,419.9438,367.84268,0,317.79904,3.5707755,317.83237,3.5711498,16.168371,5.7027946,5.7485733,1.5970745,1.6097262,14.17222,15.493926,16.27243,0
232,232,27,68,504,10,50.4,423.5,0.4,0,14.242204,1.4242204,14.329035,1.4329035,14.623268,2.531798,2.5873277,1.7776728,1.8056538,22.995735,30.438162,34.99338,0
233,233,24,72,4936,92,53.652172,422.3804,151.43477,0,344.5878,3.7455194,344.61786,3.745846,10.031943,6.586161,6.5525937,1.7584106,1.7492961,23.793842,26.477201,29.718693,0
234,234,15,103,9958,146,68.20548,422.99313,349.4863,0,672.9644,4.6093454,673.4755,4.612846,26.327473,7.7770967,7.670078,1.6872454,1.6627648,15.761952,16.710615,17.235537,1
235,235,24,77,5061,90,56.233334,423,405.45557,0,321.8289,3.5758767,321.8619,3.5762434,13.471822,5.570441,5.5843425,1.5577832,1.5615107,18.716953,19.497757,21.134703,0
236,236,17,154,4527,70,64.671425,427.0857,202.69998,0,220.95071,3.1564386,221.11977,3.1588535,38.994038,4.788088,4.8479214,1.5169272,1.5347091,21.00683,22.494057,25.418152,0
237,237,30,55,5225,115,45.43478,426.86954,295.11304,0,471.797,4.1025825,471.81958,4.102779,4.203788,7.187174,7.217534,1.7518657,1.7591819,18.42439,19.767956,20.577875,0
238,238,17,98,5526,101,54.71287,426.9604,317.47525,0,385.77725,3.8195767,385.96213,3.821407,24.626854,5.975997,6.0870576,1.5645704,1.5928838,9.982372,13.879208,16.000004,2
239,239,37,68,3780,77,49.090908,429.25974,84.68831,0,259.9252,3.375652,259.96097,3.3761165,6.0263104,5.782509,5.8511233,1.713005,1.7330928,22.289787,27.628819,31.389332,0
240,240,29,73,4307,81,53.17284,430.33334,127.34568,0,276.44534,3.4129055,276.51346,3.4137464,10.037941,5.373331,5.4564695,1.5744154,1.5983816,21.259983,27.663048,31.415005,0
241,241,29,71,8097,154,52.577923,433.95456,218.84416,0,721.88464,4.6875625,721.93066,4.6878614,8.203406,7.3678946,7.3841634,1.5717965,1.5751667,21.602573,23.080246,25.297344,0
242,242,16,109,11077,194,57.097935,436.42267,349.29895,0,1057.7609,5.4523754,1061.291,5.470572,24.289614,10.170709,10.706134,1.8653721,1.957041,14.005106,16.003332,17.590853,2
243,243,16,156,11259,148,76.07432,435.16888,363.8243,0,678.61237,4.5852184,678.86865,4.5869503,43.49761,7.1720495,7.193809,1.5641675,1.5683206,14.765,15.092154,16.02169,2
244,244,21,91,7730,135,57.25926,436.34814,180.05185,0,597.7923,4.428091,597.8587,4.428583,15.779482,7.242735,7.322653,1.6356337,1.6534978,21.524319,23.198048,25.359514,0
245,245,18,85,5302,102,51.980392,436.85297,321.33334,0,391.20477,3.835341,391.4361,3.8376088,18.039705,6.059765,6.044533,1.5799807,1.5750779,11.001879,13.3157,14.958826,2
246,246,21,95,9584,164,58.439022,439.4146,478.2317,0,813.1723,4.9583673,813.19,4.9584756,16.244396,8.628148,8.66779,1.7401187,1.7480756,24.390333,25.707787,27.278101,0
247,247,19,64,6479,131,49.458015,439.67175,11.083969,0,575.19,4.3907633,575.5675,4.3936453,10.487551,8.398493,8.609219,1.9127637,1.9594705,15.80133,20.29992,22.806818,1
248,248,25,79,4383,82,53.451218,441.59753,140.28049,0,284.40344,3.4683344,284.40945,3.4684079,10.453326,5.7421284,5.762513,1.6555867,1.6614289,19.685865,22.700644,26.206932,0
249,249,17,67,5821,121,48.107437,441.80164,377.2231,0,507.8263,4.1969113,508.13052,4.1994257,11.837608,7.7474213,7.7938247,1.8459816,1.8559263,14.203154,17.397327,19.719032,2
250,250,27,78,5673,103,55.07767,443.29126,76.24272,0,398.9708,3.873503,399.10355,3.8747919,12.385938,6.33974,6.296372,1.6366942,1.6249574,22.277863,25.046654,27.959953,0
251,251,18,93,10000,162,61.728397,443.39505,279.10495,0,785.4833,4.8486624,785.4857,4.848677,18.282766,7.8375044,7.843792,1.6164261,1.617718,24.83088,26.139479,26.89764,0
252,252,18,188,16848,224,75.21428,443.9955,403.81693,0,1280.9976,5.7187386,1282.4841,5.725375,44.104973,9.356428,9.636547,1.6361,1.6831293,18.30159,19.220848,21.086674,0
253,253,17,188,10976,139,78.96403,444.30933,420.43164,0,627.11536,4.511621,627.1203,4.5116568,62.015244,7.519393,7.527107,1.6666721,1.6683687,17.633812,18.347122,18.778816,0
254,254,21,101,5057,84,60.20238,446.1548,39.654762,0,290.6545,3.460173,290.86423,3.4626694,25.687119,5.3829594,5.4943852,1.5556909,1.5867485,12.1888485,17.8916,21.878874,1
255,255,18,96,5253,91,57.725273,445.41754,328.83514,0,328.0922,3.6054084,328.55032,3.6104429,23.739922,5.719922,5.966175,1.5864838,1.6524774,14.426437,16.710285,17.950933,1
256,256,24,77,9011,165,54.612118,447.74545,240.92726,0,803.2967,4.8684645,803.3267,4.8686466,10.7560215,7.822871,7.8516717,1.6068457,1.612701,21.853569,23.247578,25.301912,0
257,257,19,82,7672,131,58.564884,449.82443,4.2824426,0,582.79034,4.4487815,582.98157,4.450241,13.414757,8.056809,7.99295,1.8110149,1.7960712,19.414787,22.204159,23.948425,1
258,258,20,80,4963,91,54.53846,448.63733,307.8022,0,326.8568,3.5918329,327.0856,3.594347,16.624031,5.494816,5.6488175,1.5298083,1.5715837,14.239651,16.58576,18.370388,1
259,259,27,80,2726,51,53.45098,448.09805,509.01962,0,148.72215,2.9161208,148.99655,2.9215012,10.453097,5.46919,5.485201,1.8755019,1.8775282,29.378807,32.405502,35.209602,0
260,260,22,94,6188,105,58.933334,452.5048,201.11429,0,406.81775,3.874455,406.83557,3.8746247,17.103754,6.206823,6.256226,1.601986,1.6146663,25.564487,25.835735,26.013176,0
261,261,28,73,8650,156,55.44872,454.1667,174.78847,0,734.4187,4.7078123,734.4286,4.7078757,9.6371975,7.38036,7.368288,1.5676836,1.5650983,22.47894,24.753078,27.396688,0
262,262,19,104,5004,84,59.57143,455.11905,50.666668,0,289.8147,3.450175,289.92767,3.45152,27.163212,5.2036185,5.248559,1.5082186,1.5206515,14.090633,18.78661,23.535452,0
263,263,16,75,7720,138,55.94203,455.1087,379.2174,0,609.9984,4.4202785,610.28564,4.42236,14.322258,6.904199,7.050255,1.5619376,1.5942291,17.341022,19.957401,21.71638,1
264,264,24,76,5245,96,54.635418,454.9896,437.07294,0,354.2505,3.6901093,354.31677,3.6907997,11.595725,5.7739496,5.783624,1.5647097,1.5670382,16.256685,17.429037,18.12759,0
265,265,16,239,9639,126,76.49999,455.8968,36.70635,0,540.33295,4.2883563,540.99695,4.2936263,76.94471,7.2943816,7.4426546,1.7009737,1.7334193,12.080183,17.007397,20.337425,1
266,266,17,98,5084,89,57.123592,456.2247,315.11234,0,318.00433,3.5730822,318.30713,3.5764844,20.031897,5.6355534,5.7756305,1.5772246,1.6148905,14.001682,16.11567,17.173285,1
267,267,33,70,6754,129,52.35659,456.4186,348.90698,0,555.2948,4.3046107,555.3037,4.30468,7.5336957,6.986541,7.0091815,1.6230366,1.6282701,21.444347,22.444233,23.323925,0
268,268,16,194,11152,144,77.44444,460.63196,453.24307,0,655.82324,4.554328,656.57416,4.5595427,63.44527,7.1821666,7.405372,1.5769981,1.624148,16.110567,17.180351,18.742615,1
269,269,21,99,5293,89,59.471905,461.56177,413.3483,0,317.82428,3.571059,317.9022,3.5719345,21.234959,5.7844434,5.8906555,1.6198118,1.6491499,14.930463,16.170292,17.124094,1
270,270,16,183,10432,131,79.63359,462.58014,254.9313,0,564.82,4.311603,564.843,4.3117785,48.42894,6.7250905,6.675969,1.5597657,1.5483098,14.823263,16.682348,18.006437,1
271,271,19,76,5535,106,52.216984,463.95285,424.56604,0,412.8138,3.89447,413.26114,3.89869,15.114659,6.3008037,6.5554204,1.6178848,1.6814418,13.428415,15.085058,16.109667,1
272,272,20,116,10925,167,65.41917,463.69464,468.02396,0,813.38165,4.870549,813.4441,4.870923,27.261501,7.936393,8.023434,1.6294657,1.6472101,15.946009,17.603664,19.787376,1
273,273,16,111,10407,157,66.28663,465.69427,488.84714,0,747.39954,4.7605066,747.5194,4.76127,26.272469,7.8777905,7.9335856,1.6548219,1.666275,23.84377,24.97595,25.637121,0
274,274,15,147,5875,100,58.75,466.65,266.08,0,380.34897,3.8034897,382.02554,3.8202553,40.811367,6.969126,7.2240305,1.8322979,1.8909811,10.49383,10.951991,14.877523,3
275,275,32,64,5019,97,51.742268,467.73193,228.93814,0,359.41034,3.7052612,359.44153,3.7055826,6.7507586,5.643465,5.6239057,1.523095,1.5176846,24.497631,25.164684,26.803017,0
276,276,21,87,5149,88,58.511364,467.9659,294.04547,0,311.123,3.5354886,311.1473,3.535765,19.874605,5.400206,5.439084,1.5274285,1.5383048,17.7328,18.658226,19.924738,0
277,277,22,80,5523,95,58.136845,469.9474,135.62106,0,348.71484,3.6706827,348.73947,3.670942,14.788765,5.598805,5.609544,1.5252762,1.5280938,26.47234,30.038115,32.5167,0
278,278,23,68,5878,114,51.561405,471.58774,392.5965,0,457.77853,4.015601,457.81763,4.015944,8.335125,6.002864,6.0420003,1.4948854,1.5045031,21.6169,22.093552,22.610659,0
279,279,19,73,5057,94,53.79787,473.14893,274.20212,0,345.8773,3.6795454,346.03192,3.6811905,12.554207,6.251751,6.1664343,1.6990552,1.6751196,10.195446,12.713855,14.662661,2
280,280,16,255,10901,129,84.503876,475.4341,18.271318,0,559.40826,4.3364983,559.44946,4.3368177,75.24319,7.832946,7.85353,1.8062836,1.8108969,14.965286,17.156809,19.583061,1
281,281,18,72,4983,98,50.84694,475.61224,308.94897,0,366.9881,3.7447765,367.2054,3.746994,11.902112,6.0819197,6.2341876,1.6241075,1.6637837,15.217259,16.926056,17.998766,1
282,282,22,83,5261,93,56.569893,474.957,440.27957,0,343.36395,3.6920855,343.40503,3.6925273,15.010675,6.0937443,6.130712,1.6504884,1.6603024,16.81372,17.64912,18.292652,0
283,283,21,86,7864,139,56.57554,475.17264,322.6259,0,618.7923,4.451743,618.9226,4.4526806,15.637521,6.873253,7.002012,1.5439464,1.5725385,17.033623,18.783884,20.811872,1
284,284,22,69,5969,116,51.456898,477.39655,7.698276,0,475.86392,4.1022754,475.85904,4.102233,10.655575,7.2592435,7.312047,1.7695651,1.7824553,14.761345,18.029018,20.467487,1
285,285,18,107,5254,91,57.73626,477.1868,265.06592,0,328.01147,3.6045215,328.39948,3.6087852,26.723999,6.20492,6.366976,1.7214267,1.7642989,10.287106,12.784142,15.462033,2
286,286,29,65,4344,83,52.33735,478.39758,158.31325,0,289.4041,3.4867964,289.5132,3.4881108,8.335259,5.8508296,5.7700896,1.6779958,1.6542163,23.633472,25.522766,27.768381,0
287,287,20,75,5047,99,50.979797,479.29294,357.52524,0,372.62057,3.7638443,372.63687,3.7640088,10.989416,5.90736,5.965667,1.5695018,1.5849237,15.169457,16.786451,18.700838,1
288,288,19,100,5197,86,60.430233,479.84885,415.30234,0,301.51694,3.5060108,301.51035,3.5059342,21.004177,5.548756,5.5640664,1.5826409,1.5870425,17.370888,17.713371,18.248386,0
289,289,19,96,5133,90,57.033333,480.35556,465.8889,0,331.7476,3.6860845,331.95743,3.688416,15.609435,6.2596536,6.4115176,1.6981851,1.7382848,14.58424,17.532629,19.538874,0
290,290,19,91,5611,96,58.447918,481.6875,100.35417,0,361.7369,3.7680929,361.8588,3.7693624,18.967005,6.3912563,6.449958,1.6961515,1.7111535,22.8215,24.948843,26.975254,0
291,291,24,85,7679,133,57.73684,484.49622,209.47368,0,579.82135,4.359559,579.834,4.359654,15.875404,6.9382715,6.903363,1.5915077,1.5834658,25.72614,27.554138,28.931992,0
292,292,23,82,5114,90,56.822224,485.34445,287.1,0,321.26736,3.5696375,321.2679,3.5696435,15.720177,5.3453703,5.3685617,1.4974546,1.503949,18.23286,19.58279,20.301369,0
293,293,31,66,5147,98,52.52041,484.97958,375.13266,0,365.21613,3.726695,365.23404,3.726878,8.261331,5.765642,5.786855,1.5471194,1.5527353,17.97341,19.318085,20.220926,0
294,294,22,85,5483,101,54.28713,485.66336,430.58414,0,388.22354,3.8437974,388.25388,3.8440976,12.994542,6.6137567,6.683997,1.7206309,1.7387688,15.397271,17.254513,18.573177,0
295,295,17,101,7595,115,66.04347,486.50433,507.00867,0,476.5078,4.143546,477.34857,4.150857,24.042858,7.6239376,7.565929,1.8399549,1.822739,24.523102,24.770164,25.482784,0
296,296,19,157,5775,91,63.461536,488.81317,72.72527,0,331.22983,3.639888,331.29205,3.6405718,35.52999,6.3132987,6.391251,1.7344761,1.7555624,16.343239,19.776329,21.965492,1
297,297,20,96,9777,157,62.273888,489.0637,340.05096,0,742.0129,4.726197,742.1145,4.726844,21.251188,7.32765,7.3327594,1.5504327,1.5513014,19.429623,20.31355,20.806265,0
298,298,30,65,5513,109,50.57798,489.2844,178.63303,0,429.99594,3.9449167,429.99744,3.9449306,6.8927474,6.2658854,6.2708263,1.5883441,1.589591,26.44588,28.033966,29.857355,0
299,299,18,81,5346,97,55.1134,491.06183,358.7835,0,359.69876,3.7082345,360.19064,3.7133055,17.919565,5.7766795,5.9962864,1.5577978,1.614811,14.6399145,15.942383,16.666489,1
300,300,20,97,15061,255,59.06274,492.45486,27.10588,0,1615.4318,6.3350263,1615.5492,6.335487,18.79935,11.156539,11.12276,1.761088,1.7556282,17.666172,19.96557,21.31255,0
301,301,16,82,5169,89,58.078648,492.4494,468.49435,0,322.57492,3.624437,322.6247,3.6249964,18.311428,6.0575147,6.0927806,1.671298,1.6807687,15.032597,16.355612,17.706024,0
302,302,25,72,6239,125,49.912003,495.816,11.304001,0,526.1714,4.209371,526.3207,4.2105656,9.781629,6.4123435,6.508137,1.5233495,1.5456681,16.344788,17.152882,18.249624,0
303,303,26,75,7913,147,53.82993,495.89795,52.224487,0,676.0278,4.5988283,676.0557,4.5990186,11.621804,7.4354,7.4496875,1.6168032,1.6198429,21.272968,22.63314,26.885666,0
304,304,21,92,5171,89,58.10112,496.68536,306.48312,0,316.3,3.5539322,316.37723,3.5548,18.716118,5.5176997,5.6118593,1.5525619,1.5786709,13.962409,16.380573,17.899706,0
305,305,37,63,4713,98,48.091835,498.56122,97.52041,0,366.39246,3.7386985,366.41904,3.7389698,5.7090807,5.7226753,5.7628417,1.5306598,1.5412914,18.662176,20.722069,22.202177,0
306,306,20,86,5442,96,56.6875,498.08334,447.4792,0,358.42545,3.7335985,359.03638,3.7399623,19.145992,6.431277,6.713285,1.7225411,1.795014,16.855211,18.489231,19.9222,1
307,307,21,69,6966,131,53.17557,499.80917,72.70992,0,572.8755,4.3730955,572.9111,4.373367,11.021479,7.4786277,7.4366813,1.7101451,1.7004477,15.925743,18.89778,22.436958,1
308,308,28,70,7368,134,54.985077,499.6045,247.16418,0,585.03485,4.365932,585.0683,4.3661814,9.826089,6.847248,6.8008323,1.5683359,1.5576156,31.22622,33.056076,34.24902,0
309,309,19,95,9581,152,63.032894,498.875,484.98026,0,727.7746,4.7879906,728.49335,4.7927194,18.755848,8.362837,8.260407,1.7466277,1.7235324,14.131531,17.842451,20.03132,1
310,310,17,206,28744,347,82.83573,497.69452,406.6023,0,2516.695,7.252723,2530.2104,7.2916727,53.251232,13.645064,14.748101,1.8813711,2.0225952,20.689526,22.736526,24.459007,0
311,311,18,111,6960,109,63.853207,504.5963,319.8899,0,430.58832,3.9503515,430.7638,3.9519613,30.671932,6.2984285,6.317596,1.594397,1.5985976,13.772856,17.665426,19.702566,0
312,312,21,83,8178,147,55.632652,504.97958,386.34692,0,673.5088,4.581692,673.68506,4.5828915,15.542823,7.392643,7.271536,1.613518,1.5866699,22.227535,22.733511,24.769611,0
313,313,21,99,5220,88,59.318184,506.1932,116.23864,0,311.71378,3.542202,311.7548,3.542668,22.9067,5.7960377,5.8381495,1.636281,1.6479527,23.497284,25.399366,29.325218,0
314,314,18,106,8255,135,61.148148,506.2148,492.58517,0,602.2569,4.461162,602.85736,4.46561,22.831594,7.7924175,7.8035436,1.7467237,1.7474754,14.073923,17.524006,20.079567,1
315,315,21,87,4914,86,57.139534,506.53488,280.2093,0,300.81494,3.497848,300.83182,3.4980445,17.570562,5.4988017,5.511876,1.5720527,1.5757021,25.171,26.305298,27.985151,0
316,316,17,92,8020,129,62.170544,507.13953,456.44186,0,579.1525,4.4895544,581.1563,4.505088,22.763401,8.486971,8.39065,1.8903816,1.862483,15.871534,20.048084,22.463806,1
317,317,20,78,1196,22,54.36364,509.54547,2.0909092,0,41.004997,1.8638636,41.214302,1.8733774,14.995591,3.2941349,3.3943217,1.767369,1.8118728,23.415009,26.488098,29.304659,0
318,318,16,97,3618,58,62.37931,509.24136,142.84483,0,197.12827,3.3987632,198.43053,3.421216,25.68498,7.067146,7.0716233,2.0793288,2.066991,30.642729,33.745975,35.55361,0
319,319,34,61,3250,64,50.78125,508.875,201.14062,0,214.77347,3.3558354,214.90363,3.3578691,6.2261267,6.497915,6.443265,1.9363031,1.9188553,27.801468,34.18363,38.051056,0
320,320,19,93,3342,58,57.62069,508.84482,308.68967,0,180.29927,3.108608,181.20303,3.1241903,21.087528,6.0841694,5.916947,1.9572005,1.8939137,12.168487,17.63696,21.205738,0
321,321,36,67,617,12,51.416668,510.58334,345,0,19.79222,1.6493516,19.837214,1.6531012,9.560843,3.0287957,3.1331432,1.8363554,1.8953124,20.053595,21.334785,22.454586,0
322,322,23,82,3550,61,58.196716,509.13113,362.9672,0,209.4674,3.4338918,210.40207,3.449214,16.54385,7.2134905,7.153982,2.1006749,2.0740905,18.286552,20.10619,21.840263,0
323,323,38,59,208,4,52,511,509.5,0,4,1,4,1,8.215838,1.5,1.6394655,1.5,1.6394655,21.100346,23.18485,28.64027,0
